TITLE,櫃檯買賣轉(交)換公司債買賣斷交易行情表-含議價及鉅額交易
DATADATE,日期:115年04月10日
ALIGN,C,L,C,R,R,R,R,R,R,R,R,R,R,R,R
HEADER,代號,名稱,交易,收市,漲跌,開市,最高,最低,筆數,單位,金額,均價,明日參價,明日漲停,明日跌停
BODY,"11011","台泥一永  ","等價","100.05 ","+0.45  ","99.90  ","101.00 ","99.90  ","83      ","754     ","75,580,700    ","100.23 ","100.05 ","110.05 ","90.05  "
BODY,"","","議價","","","","","","","","","","","",""
BODY,"12561","鮮活果汁一KY","等價","98.30  ","+3.30  ","98.30  ","98.30  ","98.30  ","1       ","1       ","98,300        ","98.30  ","98.30  ","108.10 ","88.50  "
BODY,"","","議價","","","","","","","","","","","",""
BODY,"13166","上曜六    ","等價","","","","","","","","","106.95 ","106.90 ","117.55 ","96.25  "
BODY,"","","議價","","","","","","","","","","","",""
BODY,"13382","廣華二KY  ","等價","98.25  ","+0.15  ","98.10  ","98.25  ","98.10  ","4       ","8       ","785,450       ","98.18  ","98.25  ","108.05 ","88.45  "
BODY,"","","議價","","","","","","","","","","","",""
BODY,"140201","遠東新E1永","等價","","","","","","","","","103.50 ","100.50 ","110.55 ","90.45  "
BODY,"","","議價","","","","","","","","","","","",""
BODY,"140202","遠東新E2永","等價","","","","","","","","","98.00  ","98.00  ","107.80 ","88.20  "
BODY,"","","議價","","","","","","","","","","","",""
BODY,"14363","華友聯三  ","等價","100.05 ","+0.20  ","100.05 ","100.05 ","100.05 ","5       ","5       ","500,250       ","100.05 ","100.05 ","110.05 ","90.05  "
BODY,"","","議價","","","","","","","","","","","",""
BODY,"14364","華友聯四  ","等價","94.40  ","+0.30  ","94.10  ","94.40  ","94.10  ","9       ","18      ","1,698,500     ","94.36  ","94.40  ","103.80 ","85.00  "
BODY,"","","議價","","","","","","","","","","","",""
BODY,"14381","三地開發一","等價","","","","","","","","","119.70 ","119.70 ","131.65 ","107.75 "
BODY,"","","議價","","","","","","","","","","","",""
BODY,"14664","聚隆四    ","等價","108.70 ","+3.50  ","108.70 ","108.70 ","108.70 ","1       ","3       ","326,100       ","108.70 ","108.70 ","119.55 ","97.85  "
BODY,"","","議價","","","","","","","","","","","",""
BODY,"14722","三洋實業二","等價","107.80 ","-1.15  ","107.80 ","107.80 ","107.65 ","4       ","6       ","646,550       ","107.75 ","107.80 ","118.55 ","97.05  "
BODY,"","","議價","","","","","","","","","","","",""
BODY,"14723","三洋實業三","等價","","","","","","","","","97.50  ","97.50  ","107.25 ","87.75  "
BODY,"","","議價","","","","","","","","","","","",""
BODY,"14743","弘裕三    ","等價","","","","","","","","","91.50  ","91.45  ","100.55 ","82.35  "
BODY,"","","議價","","","","","","","","","","","",""
BODY,"15142","亞力二    ","等價","118.00 ","+0.80  ","117.05 ","118.00 ","117.05 ","18      ","40      ","4,703,300     ","117.58 ","118.00 ","129.80 ","106.20 "
BODY,"","","議價","","","","","","","","","","","",""
BODY,"15261","日馳一    ","等價","96.80  ","+0.30  ","96.50  ","96.80  ","96.50  ","3       ","4       ","386,300       ","96.57  ","96.80  ","106.45 ","87.15  "
BODY,"","","議價","","","","","","","","","","","",""
BODY,"15364","和大四    ","等價","","","","","","","","","97.36  ","97.80  ","107.55 ","88.05  "
BODY,"","","議價","","","","","","","","","","","",""
BODY,"15601","中砂一    ","等價","180.00 ","+2.00  ","178.00 ","181.00 ","178.00 ","25      ","50      ","9,008,000     ","180.16 ","180.00 ","198.00 ","162.00 "
BODY,"","","議價","","","","","","","","","","","",""
BODY,"15864","和勤四    ","等價","","","","","","","","","101.45 ","101.45 ","111.55 ","91.35  "
BODY,"","","議價","","","","","","","","","","","",""
BODY,"15865","和勤五    ","等價","98.85  ","+0.05  ","98.85  ","98.85  ","98.85  ","1       ","1       ","98,850        ","98.85  ","98.85  ","108.70 ","89.00  "
BODY,"","","議價","","","","","","","","","","","",""
BODY,"15952","川寶二    ","等價","","","","","","","","","112.00 ","113.00 ","124.30 ","101.70 "
BODY,"","","議價","","","","","","","","","","","",""
BODY,"15984","岱宇四    ","等價","94.80  ","-0.15  ","94.85  ","94.85  ","94.80  ","3       ","3       ","284,500       ","94.83  ","94.80  ","104.25 ","85.35  "
BODY,"","","議價","","","","","","","","","","","",""
BODY,"16095","大亞五    ","等價","102.40 ","+0.80  ","101.95 ","102.40 ","101.95 ","16      ","35      ","3,576,900     ","102.19 ","102.40 ","112.60 ","92.20  "
BODY,"","","議價","","","","","","","","","","","",""
BODY,"17813","合世三    ","等價","","","","","","","","","102.80 ","102.80 ","113.05 ","92.55  "
BODY,"","","議價","","","","","","","","","","","",""
BODY,"17863","科妍三    ","等價","","","","","","","","","108.00 ","108.00 ","118.80 ","97.20  "
BODY,"","","議價","","","","","","","","","","","",""
BODY,"19094","榮成四    ","等價","","","","","","","","","96.55  ","96.60  ","106.25 ","86.95  "
BODY,"","","議價","","","","","","","","","","","",""
BODY,"20344","允強四    ","等價","","","","","","","","","105.48 ","105.50 ","116.05 ","94.95  "
BODY,"","","議價","","","","","","","","","","","",""
BODY,"20662","世德二    ","等價","","","","","","","","","98.54  ","98.75  ","108.60 ","88.90  "
BODY,"","","議價","","","","","","","","","","","",""
BODY,"21043","國際中橡三","等價","","","","","","","","","99.40  ","99.40  ","109.30 ","89.50  "
BODY,"","","議價","","","","","","","","","","","",""
BODY,"22013","裕隆三    ","等價","100.35 ","+0.05  ","100.05 ","100.35 ","100.05 ","6       ","17      ","1,701,150     ","100.06 ","100.35 ","110.35 ","90.35  "
BODY,"","","議價","","","","","","","","","","","",""
BODY,"22283","劍麟三    ","等價","","","","","","","","","118.90 ","115.95 ","127.50 ","104.40 "
BODY,"","","議價","","","","","","","","","","","",""
BODY,"22331","宇隆一    ","等價","122.20 ","+1.20  ","125.20 ","125.20 ","121.00 ","10      ","23      ","2,824,550     ","122.80 ","122.20 ","134.40 ","110.00 "
BODY,"","","議價","","","","","","","","","","","",""
BODY,"22362","百達二KY  ","等價","","","","","","","","","171.00 ","171.00 ","188.00 ","154.00 "
BODY,"","","議價","","","","","","","","","","","",""
BODY,"22363","百達三KY  ","等價","93.00  ","-0.80  ","93.80  ","93.80  ","93.00  ","6       ","11      ","1,028,550     ","93.50  ","93.00  ","102.30 ","83.70  "
BODY,"","","議價","","","","","","","","","","","",""
BODY,"22471","汎德永業一","等價","101.75 ","+0.40  ","101.40 ","101.75 ","101.35 ","15      ","45      ","4,570,650     ","101.57 ","101.75 ","111.90 ","91.60  "
BODY,"","","議價","","","","","","","","","","","",""
BODY,"22472","汎德永業二","等價","102.70 ","-0.60  ","103.15 ","103.15 ","102.65 ","13      ","26      ","2,671,400     ","102.74 ","102.70 ","112.95 ","92.45  "
BODY,"","","議價","","","","","","","","","","","",""
BODY,"23291","華泰一    ","等價","117.60 ","+2.55  ","115.10 ","117.80 ","114.60 ","204     ","1,085   ","126,006,850   ","116.12 ","117.60 ","129.35 ","105.85 "
BODY,"","","議價","116.00 ","+0.95  ","","116.00 ","115.75 ","2       ","60      ","6,957,500     ","","","",""
BODY,"23372","旺宏二    ","等價","","","","","","","","","600.00 ","602.00 ","662.00 ","542.00 "
BODY,"","","議價","","","","","","","","","","","",""
BODY,"23383","光罩三    ","等價","","","","","","","","","99.00  ","99.00  ","108.90 ","89.10  "
BODY,"","","議價","","","","","","","","","","","",""
BODY,"23511","順德一    ","等價","170.00 ","+11.00 ","165.00 ","170.00 ","165.00 ","55      ","103     ","17,398,000    ","168.91 ","170.00 ","187.00 ","153.00 "
BODY,"","","議價","","","","","","","","","","","",""
BODY,"23683","金像電三  ","等價","241.00 ","-2.00  ","245.00 ","246.00 ","231.00 ","51      ","128     ","30,644,000    ","239.40 ","241.00 ","265.00 ","217.00 "
BODY,"","","議價","","","","","","","","","","","",""
BODY,"23742","佳能二    ","等價","115.00 ","+0.05  ","115.05 ","115.05 ","115.00 ","5       ","11      ","1,265,050     ","115.00 ","115.00 ","126.50 ","103.50 "
BODY,"","","議價","","","","","","","","","","","",""
BODY,"24023","毅嘉三    ","等價","130.90 ","+3.40  ","127.50 ","132.00 ","127.50 ","157     ","351     ","45,884,400    ","130.72 ","130.90 ","143.95 ","117.85 "
BODY,"","","議價","","","","","","","","","","","",""
BODY,"24271","三商電一  ","等價","98.80  ","-0.30  ","99.20  ","99.20  ","98.80  ","2       ","3       ","297,200       ","99.06  ","98.80  ","108.65 ","88.95  "
BODY,"","","議價","","","","","","","","","","","",""
BODY,"24361","偉詮電一  ","等價","119.40 ","+2.40  ","118.05 ","119.40 ","118.00 ","5       ","56      ","6,660,800     ","118.94 ","119.40 ","131.30 ","107.50 "
BODY,"","","議價","","","","","","","","","","","",""
BODY,"24394","美律四    ","等價","","","","","","","","","103.00 ","103.00 ","113.30 ","92.70  "
BODY,"","","議價","","","","","","","","","","","",""
BODY,"24395","美律五    ","等價","","","","","","","","","104.48 ","104.00 ","114.40 ","93.60  "
BODY,"","","議價","","","","","","","","","","","",""
BODY,"24423","新美齊三  ","等價","96.70  ","+0.05  ","96.75  ","96.95  ","96.70  ","11      ","24      ","2,321,450     ","96.72  ","96.70  ","106.35 ","87.05  "
BODY,"","","議價","","","","","","","","","","","",""
BODY,"24424","新美齊四  ","等價","96.70  ","","96.70  ","96.70  ","96.70  ","1       ","1       ","96,700        ","96.70  ","96.70  ","106.35 ","87.05  "
BODY,"","","議價","","","","","","","","","","","",""
BODY,"24552","全新二    ","等價","210.00 ","+5.00  ","210.00 ","210.00 ","201.00 ","34      ","74      ","15,197,000    ","206.35 ","210.00 ","231.00 ","189.00 "
BODY,"","","議價","210.00 ","+5.00  ","","210.00 ","210.00 ","1       ","20      ","4,200,000     ","","","",""
BODY,"24553","全新三    ","等價","219.00 ","+2.00  ","215.00 ","219.00 ","215.00 ","8       ","13      ","2,822,000     ","217.07 ","219.00 ","240.00 ","198.00 "
BODY,"","","議價","","","","","","","","","","","",""
BODY,"24624","良得電四  ","等價","","","","","","","","","100.40 ","100.40 ","110.40 ","90.40  "
BODY,"","","議價","","","","","","","","","","","",""
BODY,"24642","盟立二    ","等價","110.00 ","+0.45  ","109.55 ","111.00 ","107.15 ","4       ","13      ","1,423,650     ","109.51 ","110.00 ","121.00 ","99.00  "
BODY,"","","議價","","","","","","","","","","","",""
BODY,"24672","志聖二    ","等價","215.00 ","+19.00 ","205.00 ","215.00 ","204.00 ","173     ","365     ","77,110,000    ","211.26 ","215.00 ","236.00 ","194.00 "
BODY,"","","議價","","","","","","","","","","","",""
BODY,"24673","志聖三    ","等價","217.00 ","+19.00 ","207.00 ","217.00 ","207.00 ","152     ","389     ","83,380,000    ","214.34 ","217.00 ","238.00 ","196.00 "
BODY,"","","議價","","","","","","","","","","","",""
BODY,"24762","鉅祥二    ","等價","150.00 ","","150.00 ","151.00 ","149.95 ","9       ","16      ","2,400,850     ","150.05 ","150.00 ","165.00 ","135.00 "
BODY,"","","議價","","","","","","","","","","","",""
BODY,"24866","一詮六    ","等價","153.00 ","+2.00  ","148.00 ","154.00 ","148.00 ","34      ","154     ","23,120,000    ","150.12 ","153.00 ","168.00 ","137.70 "
BODY,"","","議價","","","","","","","","","","","",""
BODY,"25283","皇普三    ","等價","","","","","","","","","105.00 ","105.00 ","115.50 ","94.50  "
BODY,"","","議價","","","","","","","","","","","",""
BODY,"25284","皇普四    ","等價","","","","","","","","","92.15  ","92.15  ","101.35 ","82.95  "
BODY,"","","議價","","","","","","","","","","","",""
BODY,"25303","華建三    ","等價","95.20  ","-0.05  ","95.20  ","95.20  ","95.20  ","1       ","1       ","95,200        ","95.20  ","95.20  ","104.70 ","85.70  "
BODY,"","","議價","","","","","","","","","","","",""
BODY,"25304","華建四    ","等價","95.70  ","+1.10  ","95.90  ","95.90  ","95.70  ","2       ","75      ","7,192,300     ","95.89  ","95.70  ","105.25 ","86.15  "
BODY,"","","議價","","","","","","","","","","","",""
BODY,"25483","華固三    ","等價","107.20 ","-0.40  ","107.60 ","108.00 ","107.20 ","33      ","108     ","11,642,650    ","107.80 ","107.20 ","117.90 ","96.50  "
BODY,"","","議價","","","","","","","","","","","",""
BODY,"25484","華固四    ","等價","111.65 ","+0.80  ","111.80 ","112.00 ","111.65 ","11      ","32      ","3,582,100     ","111.94 ","111.65 ","122.80 ","100.50 "
BODY,"","","議價","","","","","","","","","","","",""
BODY,"26107","華航七    ","等價","106.40 ","-0.20  ","107.20 ","107.20 ","105.70 ","100     ","333     ","35,457,200    ","106.47 ","106.40 ","117.00 ","95.80  "
BODY,"","","議價","","","","","","","","","","","",""
BODY,"26417","正德七    ","等價","99.00  ","-0.20  ","99.00  ","99.00  ","99.00  ","1       ","1       ","99,000        ","99.00  ","99.00  ","108.90 ","89.10  "
BODY,"","","議價","","","","","","","","","","","",""
BODY,"26418","正德八    ","等價","103.00 ","","102.65 ","103.00 ","102.65 ","4       ","7       ","719,300       ","102.75 ","103.00 ","113.30 ","92.70  "
BODY,"","","議價","","","","","","","","","","","",""
BODY,"27271","王品一    ","等價","108.20 ","-0.15  ","108.60 ","108.60 ","107.60 ","9       ","10      ","1,081,400     ","108.14 ","108.20 ","119.00 ","97.40  "
BODY,"","","議價","","","","","","","","","","","",""
BODY,"27323","六角三    ","等價","","","","","","","","","100.90 ","100.65 ","110.70 ","90.60  "
BODY,"","","議價","","","","","","","","","","","",""
BODY,"27324","六角四    ","等價","104.80 ","+0.30  ","104.80 ","104.80 ","104.80 ","1       ","34      ","3,563,200     ","104.80 ","104.80 ","115.25 ","94.35  "
BODY,"","","議價","","","","","","","","","","","",""
BODY,"27431","山富一    ","等價","103.00 ","","103.00 ","103.00 ","103.00 ","1       ","2       ","206,000       ","103.00 ","103.00 ","113.30 ","92.70  "
BODY,"","","議價","","","","","","","","","","","",""
BODY,"27451","五福一    ","等價","111.50 ","+0.50  ","111.50 ","111.50 ","111.50 ","1       ","1       ","111,500       ","111.50 ","111.50 ","122.65 ","100.35 "
BODY,"","","議價","","","","","","","","","","","",""
BODY,"27531","八方雲集一","等價","","","","","","","","","106.93 ","107.25 ","117.95 ","96.55  "
BODY,"","","議價","","","","","","","","","","","",""
BODY,"27532","八方雲集二","等價","","","","","","","","","109.00 ","109.00 ","119.90 ","98.10  "
BODY,"","","議價","","","","","","","","","","","",""
BODY,"27551","揚秦一    ","等價","","","","","","","","","160.00 ","160.00 ","176.00 ","144.00 "
BODY,"","","議價","","","","","","","","","","","",""
BODY,"27561","聯發國際一","等價","","","","","","","","","100.50 ","100.50 ","110.55 ","90.45  "
BODY,"","","議價","","","","","","","","","","","",""
BODY,"29061","高林一    ","等價","","","","","","","","","98.40  ","98.40  ","108.20 ","88.60  "
BODY,"","","議價","","","","","","","","","","","",""
BODY,"30112","今皓二    ","等價","109.50 ","+0.45  ","109.05 ","110.00 ","109.05 ","27      ","190     ","20,786,200    ","109.40 ","109.50 ","120.45 ","98.55  "
BODY,"","","議價","","","","","","","","","","","",""
BODY,"30134","晟銘電四  ","等價","120.00 ","+3.05  ","114.00 ","120.00 ","114.00 ","7       ","11      ","1,300,850     ","118.25 ","120.00 ","132.00 ","108.00 "
BODY,"","","議價","","","","","","","","","","","",""
BODY,"30165","嘉晶五    ","等價","109.00 ","+0.10  ","108.90 ","109.00 ","108.90 ","5       ","10      ","1,089,750     ","108.97 ","109.00 ","119.90 ","98.10  "
BODY,"","","議價","","","","","","","","","","","",""
BODY,"30321","偉訓一    ","等價","","","","","","","","","91.70  ","91.50  ","100.65 ","82.35  "
BODY,"","","議價","","","","","","","","","","","",""
BODY,"30322","偉訓二    ","等價","","","","","","","","","90.95  ","90.95  ","100.00 ","81.90  "
BODY,"","","議價","","","","","","","","","","","",""
BODY,"30336","威健六    ","等價","137.90 ","-0.10  ","135.85 ","138.00 ","135.05 ","13      ","36      ","4,893,650     ","135.93 ","137.90 ","151.00 ","124.15 "
BODY,"","","議價","","","","","","","","","","","",""
BODY,"30337","威健七    ","等價","105.90 ","+0.90  ","105.30 ","107.95 ","105.30 ","21      ","135     ","14,274,050    ","105.73 ","105.90 ","116.45 ","95.35  "
BODY,"","","議價","","","","","","","","","","","",""
BODY,"30371","欣興一    ","等價","388.00 ","+10.00 ","388.00 ","398.00 ","380.00 ","31      ","56      ","21,702,000    ","387.53 ","388.00 ","426.00 ","350.00 "
BODY,"","","議價","","","","","","","","","","","",""
BODY,"30401","遠見一    ","等價","105.00 ","-6.10  ","105.00 ","105.00 ","105.00 ","3       ","4       ","420,000       ","105.00 ","105.00 ","115.50 ","94.50  "
BODY,"","","議價","","","","","","","","","","","",""
BODY,"30454","台灣大四  ","等價","99.60  ","","99.60  ","99.65  ","99.50  ","9       ","22      ","2,191,700     ","99.62  ","99.60  ","109.55 ","89.65  "
BODY,"","","議價","","","","","","","","","","","",""
BODY,"30455","台灣大五  ","等價","102.70 ","","102.50 ","102.70 ","102.50 ","6       ","65      ","6,662,900     ","102.50 ","102.70 ","112.95 ","92.45  "
BODY,"","","議價","","","","","","","","","","","",""
BODY,"30882","艾訊二    ","等價","113.75 ","+5.75  ","109.00 ","114.00 ","109.00 ","38      ","80      ","8,988,550     ","112.35 ","113.75 ","125.10 ","102.40 "
BODY,"","","議價","","","","","","","","","","","",""
BODY,"30922","鴻碩二    ","等價","98.65  ","+0.10  ","98.65  ","98.65  ","98.65  ","1       ","2       ","197,300       ","98.65  ","98.65  ","108.50 ","88.80  "
BODY,"","","議價","","","","","","","","","","","",""
BODY,"30954","及成四    ","等價","114.00 ","+3.85  ","114.00 ","114.00 ","114.00 ","1       ","1       ","114,000       ","114.00 ","114.00 ","125.40 ","102.60 "
BODY,"","","議價","","","","","","","","","","","",""
BODY,"31222","笙泉二    ","等價","100.15 ","","100.15 ","100.15 ","100.15 ","2       ","2       ","200,300       ","100.15 ","100.15 ","110.15 ","90.15  "
BODY,"","","議價","","","","","","","","","","","",""
BODY,"31282","昇銳二    ","等價","","","","","","","","","98.10  ","98.25  ","108.05 ","88.45  "
BODY,"","","議價","","","","","","","","","","","",""
BODY,"31311","弘塑一    ","等價","181.00 ","-8.00  ","187.00 ","187.00 ","175.00 ","134     ","513     ","91,634,000    ","178.62 ","181.00 ","199.00 ","163.00 "
BODY,"","","議價","","","","","","","","","","","",""
BODY,"31312","弘塑二    ","等價","191.00 ","-6.00  ","196.00 ","196.00 ","184.00 ","105     ","380     ","71,699,000    ","188.68 ","191.00 ","210.00 ","172.00 "
BODY,"","","議價","","","","","","","","","","","",""
BODY,"31351","凌航一    ","等價","223.00 ","+6.00  ","221.00 ","223.00 ","221.00 ","7       ","21      ","4,668,000     ","222.28 ","223.00 ","245.00 ","201.00 "
BODY,"","","議價","","","","","","","","","","","",""
BODY,"31382","耀登二    ","等價","158.00 ","+1.00  ","158.00 ","164.00 ","158.00 ","5       ","8       ","1,276,000     ","159.50 ","158.00 ","173.00 ","142.20 "
BODY,"","","議價","","","","","","","","","","","",""
BODY,"31413","晶宏三    ","等價","","","","","","","","","99.30  ","99.35  ","109.25 ","89.45  "
BODY,"","","議價","","","","","","","","","","","",""
BODY,"31672","大量二    ","等價","374.00 ","+33.00 ","349.00 ","374.00 ","323.00 ","16      ","24      ","8,430,000     ","351.25 ","374.00 ","411.00 ","337.00 "
BODY,"","","議價","","","","","","","","","","","",""
BODY,"31882","鑫龍騰二  ","等價","98.00  ","-0.10  ","98.00  ","98.00  ","98.00  ","1       ","1       ","98,000        ","98.00  ","98.00  ","107.80 ","88.20  "
BODY,"","","議價","","","","","","","","","","","",""
BODY,"32071","耀勝一    ","等價","","","","","","","","","101.00 ","101.20 ","111.30 ","91.10  "
BODY,"","","議價","","","","","","","","","","","",""
BODY,"32571","虹冠電一  ","等價","","","","","","","","","106.23 ","105.75 ","116.30 ","95.20  "
BODY,"","","議價","","","","","","","","","","","",""
BODY,"32608","威剛八    ","等價","165.00 ","+4.00  ","168.00 ","168.00 ","161.00 ","51      ","89      ","14,662,000    ","164.74 ","165.00 ","181.00 ","148.50 "
BODY,"","","議價","","","","","","","","","","","",""
BODY,"32723","東碩三    ","等價","80.50  ","+0.30  ","80.50  ","80.50  ","80.50  ","4       ","5       ","402,500       ","80.50  ","80.50  ","88.55  ","72.45  "
BODY,"","","議價","","","","","","","","","","","",""
BODY,"32843","太普高三  ","等價","92.95  ","+0.25  ","92.95  ","92.95  ","92.95  ","1       ","1       ","92,950        ","92.95  ","92.95  ","102.20 ","83.70  "
BODY,"","","議價","","","","","","","","","","","",""
BODY,"33035","岱稜五    ","等價","","","","","","","","","100.00 ","100.00 ","110.00 ","90.00  "
BODY,"","","議價","","","","","","","","","","","",""
BODY,"33055","昇貿五    ","等價","","","","","","","","","148.00 ","148.00 ","162.00 ","133.20 "
BODY,"","","議價","","","","","","","","","","","",""
BODY,"33121","弘憶股一  ","等價","","","","","","","","","95.10  ","95.10  ","104.60 ","85.60  "
BODY,"","","議價","","","","","","","","","","","",""
BODY,"33133","斐成三    ","等價","","","","","","","","","107.05 ","107.05 ","117.75 ","96.35  "
BODY,"","","議價","","","","","","","","","","","",""
BODY,"33225","建舜電五  ","等價","","","","","","","","","98.00  ","98.00  ","107.80 ","88.20  "
BODY,"","","議價","","","","","","","","","","","",""
BODY,"33233","加百裕三  ","等價","","","","","","","","","100.02 ","100.00 ","110.00 ","90.00  "
BODY,"","","議價","","","","","","","","","","","",""
BODY,"33245","雙鴻五    ","等價","153.00 ","+2.00  ","151.00 ","153.00 ","150.00 ","31      ","62      ","9,379,000     ","151.27 ","153.00 ","168.00 ","137.70 "
BODY,"","","議價","","","","","","","","","","","",""
BODY,"33246","雙鴻六    ","等價","136.90 ","+1.90  ","135.00 ","136.90 ","133.00 ","33      ","110     ","14,785,150    ","134.41 ","136.90 ","150.00 ","123.25 "
BODY,"","","議價","","","","","","","","","","","",""
BODY,"33247","雙鴻七    ","等價","133.60 ","+0.10  ","133.50 ","134.35 ","133.30 ","110     ","307     ","41,042,100    ","133.68 ","133.60 ","146.95 ","120.25 "
BODY,"","","議價","","","","","","","","","","","",""
BODY,"33466","麗清六    ","等價","","","","","","","","","96.90  ","96.90  ","106.55 ","87.25  "
BODY,"","","議價","","","","","","","","","","","",""
BODY,"33571","臺慶科一  ","等價","146.00 ","+3.00  ","145.00 ","146.00 ","145.00 ","3       ","4       ","581,500       ","145.37 ","146.00 ","160.00 ","131.40 "
BODY,"","","議價","","","","","","","","","","","",""
BODY,"33621","先進光一  ","等價","","","","","","","","","101.79 ","101.05 ","111.15 ","90.95  "
BODY,"","","議價","","","","","","","","","","","",""
BODY,"33763","新日興三  ","等價","136.90 ","-1.30  ","138.20 ","138.20 ","135.50 ","12      ","33      ","4,515,100     ","136.82 ","136.90 ","150.00 ","123.25 "
BODY,"","","議價","","","","","","","","","","","",""
BODY,"33881","崇越電一  ","等價","120.85 ","+2.35  ","119.25 ","122.00 ","119.25 ","70      ","129     ","15,573,450    ","120.72 ","120.85 ","132.90 ","108.80 "
BODY,"","","議價","","","","","","","","","","","",""
BODY,"33902","旭軟二    ","等價","118.00 ","+3.00  ","118.10 ","118.10 ","118.00 ","5       ","14      ","1,652,350     ","118.02 ","118.00 ","129.80 ","106.20 "
BODY,"","","議價","","","","","","","","","","","",""
BODY,"34163","融程電三  ","等價","126.00 ","+0.50  ","126.00 ","126.00 ","126.00 ","1       ","1       ","126,000       ","126.00 ","126.00 ","138.60 ","113.40 "
BODY,"","","議價","","","","","","","","","","","",""
BODY,"34793","安勤三    ","等價","105.10 ","-0.75  ","106.10 ","106.20 ","105.00 ","23      ","90      ","9,470,600     ","105.22 ","105.10 ","115.60 ","94.60  "
BODY,"","","議價","","","","","","","","","","","",""
BODY,"34834","力致四    ","等價","105.80 ","","105.80 ","105.80 ","105.80 ","11      ","26      ","2,750,800     ","105.80 ","105.80 ","116.35 ","95.25  "
BODY,"","","議價","","","","","","","","","","","",""
BODY,"34843","崧騰三    ","等價","116.00 ","+2.00  ","112.50 ","116.00 ","112.50 ","2       ","4       ","460,500       ","115.12 ","116.00 ","127.60 ","104.40 "
BODY,"","","議價","","","","","","","","","","","",""
BODY,"35161","亞帝歐一  ","等價","97.10  ","-8.95  ","97.10  ","97.10  ","97.10  ","1       ","1       ","97,100        ","97.10  ","97.10  ","106.80 ","87.40  "
BODY,"","","議價","","","","","","","","","","","",""
BODY,"35181","柏騰一    ","等價","","","","","","","","","104.00 ","104.00 ","114.40 ","93.60  "
BODY,"","","議價","","","","","","","","","","","",""
BODY,"35221","御嵿一    ","等價","","","","","","","","","104.70 ","104.50 ","114.95 ","94.05  "
BODY,"","","議價","","","","","","","","","","","",""
BODY,"35265","凡甲五    ","等價","","","","","","","","","180.00 ","180.00 ","198.00 ","162.00 "
BODY,"","","議價","","","","","","","","","","","",""
BODY,"35266","凡甲六    ","等價","145.00 ","-1.00  ","145.00 ","145.00 ","145.00 ","1       ","1       ","145,000       ","145.00 ","145.00 ","159.00 ","130.50 "
BODY,"","","議價","","","","","","","","","","","",""
BODY,"35267","凡甲七    ","等價","127.00 ","-0.15  ","126.75 ","127.05 ","125.90 ","38      ","85      ","10,739,650    ","126.34 ","127.00 ","139.70 ","114.30 "
BODY,"","","議價","","","","","","","","","","","",""
BODY,"35431","州巧一    ","等價","130.00 ","","130.00 ","130.00 ","130.00 ","2       ","2       ","260,000       ","130.00 ","130.00 ","143.00 ","117.00 "
BODY,"","","議價","","","","","","","","","","","",""
BODY,"35482","兆利二    ","等價","","","","","","","","","100.90 ","100.45 ","110.45 ","90.45  "
BODY,"","","議價","","","","","","","","","","","",""
BODY,"35483","兆利三    ","等價","100.90 ","-0.95  ","101.85 ","101.85 ","100.90 ","4       ","13      ","1,318,550     ","101.42 ","100.90 ","110.95 ","90.85  "
BODY,"","","議價","","","","","","","","","","","",""
BODY,"35513","世禾三    ","等價","129.95 ","+2.45  ","127.70 ","129.95 ","127.70 ","11      ","12      ","1,551,700     ","129.30 ","129.95 ","142.90 ","117.00 "
BODY,"","","議價","","","","","","","","","","","",""
BODY,"35642","其陽二    ","等價","","","","","","","","","96.00  ","96.00  ","105.60 ","86.40  "
BODY,"","","議價","","","","","","","","","","","",""
BODY,"35831","辛耘一    ","等價","195.00 ","+17.00 ","185.00 ","195.00 ","184.00 ","69      ","223     ","41,924,000    ","188.00 ","195.00 ","214.00 ","176.00 "
BODY,"","","議價","","","","","","","","","","","",""
BODY,"35832","辛耘二    ","等價","202.00 ","+18.00 ","190.00 ","202.00 ","187.00 ","286     ","1,134   ","221,120,000   ","194.99 ","202.00 ","222.00 ","182.00 "
BODY,"","","議價","","","","","","","","","","","",""
BODY,"35871","閎康一    ","等價","149.60 ","+13.60 ","136.00 ","149.60 ","136.00 ","161     ","308     ","44,980,550    ","146.04 ","149.60 ","164.00 ","134.65 "
BODY,"","","議價","","","","","","","","","","","",""
BODY,"35872","閎康二    ","等價","164.00 ","+11.00 ","153.00 ","164.00 ","153.00 ","94      ","134     ","21,285,000    ","158.84 ","164.00 ","180.00 ","147.60 "
BODY,"","","議價","","","","","","","","","","","",""
BODY,"35914","艾笛森四  ","等價","","","","","","","","","105.00 ","105.00 ","115.50 ","94.50  "
BODY,"","","議價","","","","","","","","","","","",""
BODY,"36053","宏致三    ","等價","129.20 ","+2.20  ","129.20 ","129.20 ","129.20 ","1       ","11      ","1,421,200     ","129.20 ","129.20 ","142.10 ","116.30 "
BODY,"","","議價","","","","","","","","","","","",""
BODY,"36173","碩天三    ","等價","103.90 ","+0.40  ","103.50 ","103.95 ","103.50 ","7       ","8       ","829,950       ","103.74 ","103.90 ","114.25 ","93.55  "
BODY,"","","議價","","","","","","","","","","","",""
BODY,"36804","家登四    ","等價","125.00 ","-2.00  ","129.00 ","129.00 ","122.50 ","34      ","46      ","5,720,000     ","124.34 ","125.00 ","137.50 ","112.50 "
BODY,"","","議價","","","","","","","","","","","",""
BODY,"36841","榮昌一    ","等價","118.00 ","-5.50  ","118.00 ","118.00 ","118.00 ","1       ","5       ","590,000       ","118.00 ","118.00 ","129.80 ","106.20 "
BODY,"","","議價","","","","","","","","","","","",""
BODY,"36872","歐買尬二  ","等價","","","","","","","","","99.00  ","98.00  ","107.80 ","88.20  "
BODY,"","","議價","","","","","","","","","","","",""
BODY,"36873","歐買尬三  ","等價","","","","","","","","","97.75  ","97.70  ","107.45 ","87.95  "
BODY,"","","議價","","","","","","","","","","","",""
BODY,"36894","湧德四    ","等價","","","","","","","","","205.00 ","205.00 ","225.00 ","185.00 "
BODY,"","","議價","","","","","","","","","","","",""
BODY,"36913","碩禾三    ","等價","119.50 ","+6.70  ","115.00 ","119.50 ","115.00 ","72      ","225     ","26,498,500    ","117.77 ","119.50 ","131.45 ","107.55 "
BODY,"","","議價","","","","","","","","","","","",""
BODY,"37012","大眾控二  ","等價","","","","","","","","","100.10 ","100.20 ","110.20 ","90.20  "
BODY,"","","議價","","","","","","","","","","","",""
BODY,"370201","大聯大E1  ","等價","140.45 ","+3.10  ","140.10 ","143.00 ","139.50 ","54      ","155     ","21,934,150    ","141.51 ","140.45 ","154.00 ","126.45 "
BODY,"","","議價","","","","","","","","","","","",""
BODY,"37022","大聯大二  ","等價","120.55 ","+0.15  ","122.50 ","123.85 ","120.05 ","92      ","255     ","31,179,400    ","122.27 ","120.55 ","132.60 ","108.50 "
BODY,"","","議價","","","","","","","","","","","",""
BODY,"37023","大聯大三  ","等價","125.00 ","+0.60  ","127.45 ","127.50 ","124.00 ","44      ","136     ","17,065,400    ","125.48 ","125.00 ","137.50 ","112.50 "
BODY,"","","議價","","","","","","","","","","","",""
BODY,"37075","漢磊五    ","等價","","","","","","","","","127.50 ","127.50 ","140.25 ","114.75 "
BODY,"","","議價","","","","","","","","","","","",""
BODY,"37083","上緯投控三","等價","","","","","","","","","131.66 ","131.00 ","144.10 ","117.90 "
BODY,"","","議價","","","","","","","","","","","",""
BODY,"37084","上緯投控四","等價","","","","","","","","","148.00 ","148.00 ","162.00 ","133.20 "
BODY,"","","議價","","","","","","","","","","","",""
BODY,"37151","定穎投控一","等價","147.60 ","+0.60  ","147.00 ","148.00 ","146.05 ","7       ","12      ","1,767,100     ","147.25 ","147.60 ","162.00 ","132.85 "
BODY,"","","議價","","","","","","","","","","","",""
BODY,"37152","定穎投控二","等價","134.20 ","-0.50  ","134.30 ","137.50 ","134.20 ","55      ","120     ","16,389,500    ","136.57 ","134.20 ","147.60 ","120.80 "
BODY,"","","議價","","","","","","","","","","","",""
BODY,"37171","聯嘉投控一","等價","126.90 ","-2.65  ","129.55 ","129.55 ","126.80 ","57      ","104     ","13,270,500    ","127.60 ","126.90 ","139.55 ","114.25 "
BODY,"","","議價","","","","","","","","","","","",""
BODY,"41135","聯上五    ","等價","","","","","","","","","105.00 ","105.00 ","115.50 ","94.50  "
BODY,"","","議價","","","","","","","","","","","",""
BODY,"41136","聯上六    ","等價","","","","","","","","","95.00  ","94.00  ","103.40 ","84.60  "
BODY,"","","議價","","","","","","","","","","","",""
BODY,"41236","晟德六    ","等價","","","","","","","","","119.24 ","118.80 ","130.65 ","106.95 "
BODY,"","","議價","","","","","","","","","","","",""
BODY,"41237","晟德七    ","等價","103.50 ","-0.85  ","105.25 ","105.80 ","103.50 ","50      ","568     ","59,260,150    ","104.33 ","103.50 ","113.85 ","93.15  "
BODY,"","","議價","","","","","","","","","","","",""
BODY,"41295","聯合五    ","等價","113.00 ","+0.50  ","113.10 ","113.10 ","112.50 ","10      ","31      ","3,502,400     ","112.98 ","113.00 ","124.30 ","101.70 "
BODY,"","","議價","","","","","","","","","","","",""
BODY,"41372","麗豐二KY  ","等價","","","","","","","","","98.32  ","98.95  ","108.80 ","89.10  "
BODY,"","","議價","","","","","","","","","","","",""
BODY,"41645","承業醫五  ","等價","102.00 ","","102.00 ","102.00 ","102.00 ","1       ","20      ","2,040,000     ","102.00 ","102.00 ","112.20 ","91.80  "
BODY,"","","議價","","","","","","","","","","","",""
BODY,"41684","醣聯四    ","等價","109.75 ","+0.55  ","109.00 ","109.75 ","109.00 ","4       ","15      ","1,638,750     ","109.25 ","109.75 ","120.70 ","98.80  "
BODY,"","","議價","","","","","","","","","","","",""
BODY,"41903","佐登三KY  ","等價","96.00  ","+0.25  ","95.75  ","96.00  ","95.75  ","19      ","42      ","4,026,600     ","95.87  ","96.00  ","105.60 ","86.40  "
BODY,"","","議價","","","","","","","","","","","",""
BODY,"44163","三圓三    ","等價","","","","","","","","","100.90 ","101.40 ","111.50 ","91.30  "
BODY,"","","議價","","","","","","","","","","","",""
BODY,"44383","廣越三    ","等價","101.75 ","+0.30  ","101.55 ","102.45 ","101.55 ","10      ","45      ","4,586,700     ","101.92 ","101.75 ","111.90 ","91.60  "
BODY,"","","議價","","","","","","","","","","","",""
BODY,"44391","冠星一KY  ","等價","","","","","","","","","97.91  ","97.10  ","106.80 ","87.40  "
BODY,"","","議價","","","","","","","","","","","",""
BODY,"44421","竣邦一KY  ","等價","","","","","","","","","124.60 ","124.00 ","136.40 ","111.60 "
BODY,"","","議價","","","","","","","","","","","",""
BODY,"45102","高鋒二    ","等價","98.50  ","+1.35  ","98.65  ","98.65  ","98.50  ","3       ","3       ","295,650       ","98.55  ","98.50  ","108.35 ","88.65  "
BODY,"","","議價","","","","","","","","","","","",""
BODY,"45421","科嶠一    ","等價","202.00 ","+7.00  ","196.00 ","204.00 ","196.00 ","24      ","53      ","10,600,000    ","200.00 ","202.00 ","222.00 ","182.00 "
BODY,"","","議價","","","","","","","","","","","",""
BODY,"45491","桓達一    ","等價","","","","","","","","","99.50  ","99.50  ","109.45 ","89.55  "
BODY,"","","議價","","","","","","","","","","","",""
BODY,"45554","氣立四    ","等價","105.45 ","+0.65  ","106.45 ","106.45 ","104.05 ","3       ","5       ","526,850       ","105.37 ","105.45 ","115.95 ","94.95  "
BODY,"","","議價","","","","","","","","","","","",""
BODY,"45581","寶緯一    ","等價","100.60 ","-0.80  ","101.10 ","101.10 ","100.40 ","5       ","12      ","1,206,500     ","100.54 ","100.60 ","110.65 ","90.55  "
BODY,"","","議價","","","","","","","","","","","",""
BODY,"45641","元翎一    ","等價","98.40  ","+0.30  ","98.35  ","98.40  ","98.35  ","5       ","20      ","1,967,950     ","98.39  ","98.40  ","108.20 ","88.60  "
BODY,"","","議價","","","","","","","","","","","",""
BODY,"45663","時碩工業三","等價","135.00 ","+12.10 ","134.00 ","135.00 ","134.00 ","4       ","4       ","538,000       ","134.50 ","135.00 ","148.50 ","121.50 "
BODY,"","","議價","","","","","","","","","","","",""
BODY,"45691","六方科一KY","等價","103.00 ","+5.00  ","100.00 ","103.00 ","99.00  ","14      ","98      ","9,878,800     ","100.80 ","103.00 ","113.30 ","92.70  "
BODY,"","","議價","","","","","","","","","","","",""
BODY,"45721","駐龍一    ","等價","","","","","","","","","103.05 ","103.10 ","113.40 ","92.80  "
BODY,"","","議價","","","","","","","","","","","",""
BODY,"45811","光隆精密一KY","等價","95.05  ","+0.05  ","95.05  ","95.05  ","95.05  ","3       ","6       ","570,300       ","95.05  ","95.05  ","104.55 ","85.55  "
BODY,"","","議價","","","","","","","","","","","",""
BODY,"47223","國精化三  ","等價","133.90 ","-3.10  ","133.30 ","135.00 ","133.30 ","41      ","92      ","12,322,400    ","133.93 ","133.90 ","147.25 ","120.55 "
BODY,"","","議價","","","","","","","","","","","",""
BODY,"47393","康普三    ","等價","112.00 ","","114.95 ","114.95 ","112.00 ","11      ","14      ","1,577,750     ","112.69 ","112.00 ","123.20 ","100.80 "
BODY,"","","議價","","","","","","","","","","","",""
BODY,"47394","康普四    ","等價","141.00 ","","140.95 ","141.50 ","140.95 ","11      ","14      ","1,978,000     ","141.28 ","141.00 ","155.00 ","126.90 "
BODY,"","","議價","","","","","","","","","","","",""
BODY,"47471","強生一    ","等價","","","","","","","","","103.40 ","103.40 ","113.70 ","93.10  "
BODY,"","","議價","","","","","","","","","","","",""
BODY,"47721","台特化一  ","等價","127.00 ","-0.55  ","128.00 ","128.00 ","126.80 ","38      ","71      ","9,040,950     ","127.33 ","127.00 ","139.70 ","114.30 "
BODY,"","","議價","","","","","","","","","","","",""
BODY,"49066","正文六    ","等價","148.80 ","-1.20  ","152.00 ","158.00 ","147.60 ","49      ","54      ","8,336,700     ","154.38 ","148.80 ","163.00 ","133.95 "
BODY,"","","議價","","","","","","","","","","","",""
BODY,"49165","事欣科五  ","等價","","","","","","","","","168.75 ","156.00 ","171.00 ","140.40 "
BODY,"","","議價","","","","","","","","","","","",""
BODY,"49231","力士一    ","等價","","","","","","","","","102.10 ","102.10 ","112.30 ","91.90  "
BODY,"","","議價","","","","","","","","","","","",""
BODY,"49674","十銓四    ","等價","148.00 ","","150.00 ","154.00 ","148.00 ","53      ","174     ","26,175,500    ","150.43 ","148.00 ","162.00 ","133.20 "
BODY,"","","議價","","","","","","","","","","","",""
BODY,"49793","華星光三  ","等價","245.00 ","+11.00 ","245.00 ","245.00 ","245.00 ","3       ","3       ","735,000       ","245.00 ","245.00 ","269.00 ","221.00 "
BODY,"","","議價","","","","","","","","","","","",""
BODY,"49794","華星光四  ","等價","212.00 ","+2.00  ","212.00 ","212.00 ","212.00 ","2       ","2       ","424,000       ","212.00 ","212.00 ","233.00 ","191.00 "
BODY,"","","議價","","","","","","","","","","","",""
BODY,"50097","榮剛七    ","等價","100.00 ","","100.00 ","100.00 ","100.00 ","4       ","40      ","4,000,000     ","100.00 ","100.00 ","110.00 ","90.00  "
BODY,"","","議價","","","","","","","","","","","",""
BODY,"52011","凱衛一    ","等價","","","","","","","","","114.72 ","114.90 ","126.35 ","103.45 "
BODY,"","","議價","","","","","","","","","","","",""
BODY,"52091","新鼎一    ","等價","","","","","","","","","112.00 ","112.00 ","123.20 ","100.80 "
BODY,"","","議價","","","","","","","","","","","",""
BODY,"52121","凌網一    ","等價","","","","","","","","","100.00 ","100.00 ","110.00 ","90.00  "
BODY,"","","議價","","","","","","","","","","","",""
BODY,"52303","雷笛克光學三","等價","","","","","","","","","105.95 ","105.95 ","116.50 ","95.40  "
BODY,"","","議價","","","","","","","","","","","",""
BODY,"52441","弘凱一    ","等價","","","","","","","","","103.50 ","103.50 ","113.85 ","93.15  "
BODY,"","","議價","","","","","","","","","","","",""
BODY,"52452","智晶二    ","等價","","","","","","","","","91.95  ","91.90  ","101.05 ","82.75  "
BODY,"","","議價","","","","","","","","","","","",""
BODY,"52635","智崴五    ","等價","108.00 ","-2.10  ","108.00 ","108.05 ","108.00 ","4       ","8       ","864,150       ","108.01 ","108.00 ","118.80 ","97.20  "
BODY,"","","議價","","","","","","","","","","","",""
BODY,"53064","桂盟四    ","等價","100.05 ","-0.10  ","100.10 ","100.10 ","100.05 ","5       ","18      ","1,801,700     ","100.09 ","100.05 ","110.05 ","90.05  "
BODY,"","","議價","","","","","","","","","","","",""
BODY,"53095","系統電五  ","等價","","","","","","","","","180.00 ","177.00 ","194.00 ","160.00 "
BODY,"","","議價","","","","","","","","","","","",""
BODY,"53096","系統電六  ","等價","107.00 ","","107.00 ","107.00 ","107.00 ","1       ","46      ","4,922,000     ","107.00 ","107.00 ","117.70 ","96.30  "
BODY,"","","議價","","","","","","","","","","","",""
BODY,"53097","系統電七  ","等價","","","","","","","","","114.38 ","114.75 ","126.20 ","103.30 "
BODY,"","","議價","","","","","","","","","","","",""
BODY,"53211","美而快一  ","等價","","","","","","","","","100.25 ","100.25 ","110.25 ","90.25  "
BODY,"","","議價","","","","","","","","","","","",""
BODY,"53887","中磊七    ","等價","107.20 ","+0.20  ","108.45 ","108.85 ","106.70 ","45      ","92      ","9,899,100     ","107.59 ","107.20 ","117.90 ","96.50  "
BODY,"","","議價","","","","","","","","","","","",""
BODY,"54342","崇越二    ","等價","211.00 ","+17.00 ","205.00 ","211.00 ","204.00 ","14      ","18      ","3,741,000     ","207.83 ","211.00 ","232.00 ","190.00 "
BODY,"","","議價","","","","","","","","","","","",""
BODY,"54391","高技一    ","等價","137.00 ","+1.00  ","139.95 ","142.00 ","137.00 ","95      ","204     ","28,423,250    ","139.32 ","137.00 ","150.00 ","123.30 "
BODY,"","","議價","","","","","","","","","","","",""
BODY,"54501","南良一    ","等價","","","","","","","","","102.50 ","102.55 ","112.80 ","92.30  "
BODY,"","","議價","102.50 ","-0.25  ","","102.50 ","102.50 ","1       ","27      ","2,767,500     ","","","",""
BODY,"54573","宣德三    ","等價","","","","","","","","","95.37  ","96.00  ","105.60 ","86.40  "
BODY,"","","議價","","","","","","","","","","","",""
BODY,"55344","長虹四    ","等價","128.00 ","+3.00  ","124.95 ","128.00 ","124.95 ","31      ","140     ","17,649,000    ","126.06 ","128.00 ","140.80 ","115.20 "
BODY,"","","議價","","","","","","","","","","","",""
BODY,"56086","四維航六  ","等價","","","","","","","","","100.55 ","100.30 ","110.30 ","90.30  "
BODY,"","","議價","","","","","","","","","","","",""
BODY,"56087","四維航七  ","等價","108.00 ","-0.90  ","107.80 ","108.00 ","107.00 ","11      ","20      ","2,148,500     ","107.42 ","108.00 ","118.80 ","97.20  "
BODY,"","","議價","","","","","","","","","","","",""
BODY,"59055","南仁湖四  ","等價","","","","","","","","","100.68 ","100.70 ","110.75 ","90.65  "
BODY,"","","議價","","","","","","","","","","","",""
BODY,"60151","宏遠證一  ","等價","","","","","","","","","100.21 ","99.15  ","109.05 ","89.25  "
BODY,"","","議價","","","","","","","","","","","",""
BODY,"60152","宏遠證二  ","等價","","","","","","","","","147.82 ","142.90 ","157.00 ","128.65 "
BODY,"","","議價","","","","","","","","","","","",""
BODY,"61011","寬魚國際一","等價","112.90 ","","112.90 ","112.90 ","112.90 ","1       ","1       ","112,900       ","112.90 ","112.90 ","124.15 ","101.65 "
BODY,"","","議價","","","","","","","","","","","",""
BODY,"61012","寬魚國際二","等價","97.85  ","+1.05  ","98.00  ","98.00  ","97.85  ","2       ","2       ","195,850       ","97.92  ","97.85  ","107.60 ","88.10  "
BODY,"","","議價","","","","","","","","","","","",""
BODY,"61041","創惟一    ","等價","","","","","","","","","108.80 ","108.80 ","119.65 ","97.95  "
BODY,"","","議價","","","","","","","","","","","",""
BODY,"61112","光聚晶電二","等價","97.00  ","-0.30  ","97.20  ","97.20  ","97.00  ","3       ","3       ","291,400       ","97.13  ","97.00  ","106.70 ","87.30  "
BODY,"","","議價","","","","","","","","","","","",""
BODY,"61171","迎廣一    ","等價","106.00 ","+5.80  ","101.15 ","106.00 ","101.15 ","15      ","27      ","2,784,650     ","103.13 ","106.00 ","116.60 ","95.40  "
BODY,"","","議價","","","","","","","","","","","",""
BODY,"61172","迎廣二    ","等價","108.70 ","+7.70  ","105.00 ","109.50 ","105.00 ","13      ","30      ","3,202,800     ","106.76 ","108.70 ","119.55 ","97.85  "
BODY,"","","議價","","","","","","","","","","","",""
BODY,"61255","廣運五    ","等價","","","","","","","","","99.74  ","99.75  ","109.70 ","89.80  "
BODY,"","","議價","","","","","","","","","","","",""
BODY,"61263","信音三    ","等價","","","","","","","","","118.45 ","118.45 ","130.25 ","106.65 "
BODY,"","","議價","","","","","","","","","","","",""
BODY,"61506","撼訊六    ","等價","96.60  ","+0.65  ","96.60  ","96.60  ","96.60  ","1       ","1       ","96,600        ","96.60  ","96.60  ","106.25 ","86.95  "
BODY,"","","議價","","","","","","","","","","","",""
BODY,"61565","松上五    ","等價","","","","","","","","","100.14 ","100.00 ","110.00 ","90.00  "
BODY,"","","議價","","","","","","","","","","","",""
BODY,"61635","華電網五  ","等價","","","","","","","","","262.00 ","262.00 ","288.00 ","236.00 "
BODY,"","","議價","","","","","","","","","","","",""
BODY,"61777","達麗七    ","等價","","","","","","","","","115.00 ","115.00 ","126.50 ","103.50 "
BODY,"","","議價","","","","","","","","","","","",""
BODY,"61793","亞通三    ","等價","","","","","","","","","99.20  ","99.75  ","109.70 ","89.80  "
BODY,"","","議價","","","","","","","","","","","",""
BODY,"61794","亞通四    ","等價","","","","","","","","","99.95  ","99.95  ","109.90 ","90.00  "
BODY,"","","議價","","","","","","","","","","","",""
BODY,"61827","合晶七    ","等價","","","","","","","","","100.00 ","100.50 ","110.55 ","90.45  "
BODY,"","","議價","","","","","","","","","","","",""
BODY,"61828","合晶八    ","等價","116.00 ","+2.50  ","114.00 ","116.40 ","114.00 ","12      ","22      ","2,534,500     ","115.20 ","116.00 ","127.60 ","104.40 "
BODY,"","","議價","","","","","","","","","","","",""
BODY,"61843","大豐電三  ","等價","","","","","","","","","99.30  ","99.30  ","109.20 ","89.40  "
BODY,"","","議價","","","","","","","","","","","",""
BODY,"61875","萬潤五    ","等價","344.00 ","+6.00  ","335.00 ","344.00 ","330.00 ","50      ","110     ","37,208,000    ","338.25 ","344.00 ","378.00 ","310.00 "
BODY,"","","議價","","","","","","","","","","","",""
BODY,"61894","豐藝四    ","等價","","","","","","","","","120.00 ","120.00 ","132.00 ","108.00 "
BODY,"","","議價","","","","","","","","","","","",""
BODY,"61907","萬泰科七  ","等價","153.00 ","-4.00  ","150.00 ","153.00 ","148.20 ","21      ","30      ","4,516,350     ","150.54 ","153.00 ","168.00 ","137.70 "
BODY,"","","議價","","","","","","","","","","","",""
BODY,"61973","佳必琪三  ","等價","132.55 ","-3.45  ","135.35 ","136.00 ","132.55 ","10      ","37      ","5,008,450     ","135.36 ","132.55 ","145.80 ","119.30 "
BODY,"","","議價","","","","","","","","","","","",""
BODY,"61993","天品三    ","等價","125.00 ","","128.00 ","130.15 ","123.00 ","55      ","160     ","20,454,900    ","127.84 ","125.00 ","137.50 ","112.50 "
BODY,"","","議價","","","","","","","","","","","",""
BODY,"61994","天品四    ","等價","104.50 ","+4.70  ","103.00 ","109.75 ","101.00 ","70      ","260     ","27,414,850    ","105.44 ","104.50 ","114.95 ","94.05  "
BODY,"","","議價","","","","","","","","","","","",""
BODY,"62075","雷科五    ","等價","116.50 ","+1.50  ","116.50 ","116.50 ","116.50 ","1       ","2       ","233,000       ","116.50 ","116.50 ","128.15 ","104.85 "
BODY,"","","議價","","","","","","","","","","","",""
BODY,"62076","雷科六    ","等價","117.50 ","+2.40  ","117.00 ","117.55 ","117.00 ","8       ","36      ","4,228,000     ","117.44 ","117.50 ","129.25 ","105.75 "
BODY,"","","議價","","","","","","","","","","","",""
BODY,"62093","今國光三  ","等價","145.05 ","+0.55  ","145.00 ","145.10 ","145.00 ","5       ","7       ","1,015,400     ","145.05 ","145.05 ","159.00 ","130.55 "
BODY,"","","議價","","","","","","","","","","","",""
BODY,"62194","富旺四    ","等價","","","","","","","","","105.00 ","105.00 ","115.50 ","94.50  "
BODY,"","","議價","","","","","","","","","","","",""
BODY,"62433","迅杰三    ","等價","","","","","","","","","95.33  ","95.95  ","105.50 ","86.40  "
BODY,"","","議價","","","","","","","","","","","",""
BODY,"62695","台郡五    ","等價","103.80 ","+1.30  ","104.10 ","104.20 ","103.50 ","6       ","17      ","1,763,900     ","103.75 ","103.80 ","114.15 ","93.45  "
BODY,"","","議價","","","","","","","","","","","",""
BODY,"62696","台郡六    ","等價","","","","","","","","","99.50  ","99.05  ","108.95 ","89.15  "
BODY,"","","議價","","","","","","","","","","","",""
BODY,"62745","台燿五    ","等價","206.00 ","+2.00  ","206.00 ","207.00 ","201.00 ","247     ","1,043   ","212,804,000   ","204.03 ","206.00 ","226.00 ","186.00 "
BODY,"","","議價","","","","","","","","","","","",""
BODY,"62756","元山六    ","等價","","","","","","","","","213.00 ","213.00 ","234.00 ","192.00 "
BODY,"","","議價","","","","","","","","","","","",""
BODY,"62822","康舒二    ","等價","115.55 ","-0.85  ","116.40 ","117.00 ","115.05 ","34      ","121     ","14,001,800    ","115.68 ","115.55 ","127.10 ","104.00 "
BODY,"","","議價","115.55 ","-0.85  ","","115.55 ","115.55 ","1       ","33      ","3,813,150     ","","","",""
BODY,"62843","佳邦三    ","等價","118.00 ","+2.00  ","116.50 ","118.00 ","116.50 ","12      ","20      ","2,346,600     ","117.33 ","118.00 ","129.80 ","106.20 "
BODY,"","","議價","","","","","","","","","","","",""
BODY,"629010","良維十    ","等價","295.00 ","+14.00 ","295.00 ","295.00 ","295.00 ","1       ","5       ","1,475,000     ","295.00 ","295.00 ","324.00 ","266.00 "
BODY,"","","議價","","","","","","","","","","","",""
BODY,"64145","樺漢五    ","等價","109.00 ","+0.50  ","109.95 ","109.95 ","108.60 ","49      ","76      ","8,302,200     ","109.23 ","109.00 ","119.90 ","98.10  "
BODY,"","","議價","","","","","","","","","","","",""
BODY,"64251","易發一    ","等價","","","","","","","","","115.05 ","120.05 ","132.05 ","108.05 "
BODY,"","","議價","","","","","","","","","","","",""
BODY,"64324","今展科四  ","等價","","","","","","","","","110.00 ","111.00 ","122.10 ","99.90  "
BODY,"","","議價","","","","","","","","","","","",""
BODY,"64422","光聖二    ","等價","210.00 ","+19.00 ","192.00 ","210.00 ","190.00 ","162     ","594     ","121,198,000   ","204.03 ","210.00 ","231.00 ","189.00 "
BODY,"","","議價","","","","","","","","","","","",""
BODY,"64423","光聖三    ","等價","215.00 ","+19.00 ","197.00 ","215.00 ","197.00 ","71      ","232     ","48,761,000    ","210.17 ","215.00 ","236.00 ","194.00 "
BODY,"","","議價","","","","","","","","","","","",""
BODY,"64512","訊芯二KY  ","等價","179.00 ","+16.00 ","169.00 ","179.00 ","164.00 ","441     ","1,267   ","216,837,000   ","171.11 ","179.00 ","196.00 ","162.00 "
BODY,"","","議價","168.00 ","+5.00  ","","168.00 ","168.00 ","1       ","10      ","1,680,000     ","","","",""
BODY,"64693","大樹三    ","等價","","","","","","","","","101.71 ","101.00 ","111.10 ","90.90  "
BODY,"","","議價","","","","","","","","","","","",""
BODY,"64724","保瑞四    ","等價","106.90 ","+3.65  ","104.55 ","107.50 ","104.55 ","309     ","4,923   ","518,989,550   ","105.28 ","106.90 ","117.55 ","96.25  "
BODY,"","","議價","104.55 ","+1.30  ","","106.35 ","104.55 ","9       ","1,454   ","152,429,700   ","","","",""
BODY,"64773","安集三    ","等價","","","","","","","","","100.55 ","100.60 ","110.65 ","90.55  "
BODY,"","","議價","","","","","","","","","","","",""
BODY,"64774","安集四    ","等價","","","","","","","","","96.00  ","96.00  ","105.60 ","86.40  "
BODY,"","","議價","","","","","","","","","","","",""
BODY,"64775","安集五    ","等價","","","","","","","","","93.02  ","93.00  ","102.30 ","83.70  "
BODY,"","","議價","","","","","","","","","","","",""
BODY,"65096","聚和六    ","等價","128.35 ","+8.65  ","119.50 ","128.35 ","119.50 ","56      ","140     ","17,520,700    ","125.14 ","128.35 ","141.15 ","115.55 "
BODY,"","","議價","","","","","","","","","","","",""
BODY,"65101","精測一    ","等價","175.00 ","+5.00  ","170.00 ","177.00 ","170.00 ","45      ","91      ","15,881,000    ","174.51 ","175.00 ","192.00 ","158.00 "
BODY,"","","議價","","","","","","","","","","","",""
BODY,"65152","穎崴二    ","等價","212.00 ","-1.00  ","213.00 ","219.00 ","209.00 ","112     ","198     ","42,241,000    ","213.04 ","212.00 ","233.00 ","191.00 "
BODY,"","","議價","212.00 ","-1.00  ","","212.00 ","212.00 ","2       ","56      ","11,872,000    ","","","",""
BODY,"65331","晶心科一  ","等價","85.90  ","-0.60  ","86.20  ","86.20  ","85.90  ","9       ","17      ","1,462,700     ","86.04  ","85.90  ","94.45  ","77.35  "
BODY,"","","議價","","","","","","","","","","","",""
BODY,"65381","倉和一    ","等價","","","","","","","","","87.55  ","87.60  ","96.35  ","78.85  "
BODY,"","","議價","","","","","","","","","","","",""
BODY,"65461","正基一    ","等價","","","","","","","","","99.10  ","99.20  ","109.10 ","89.30  "
BODY,"","","議價","","","","","","","","","","","",""
BODY,"65472","高端疫苗二","等價","143.00 ","-10.00 ","151.00 ","151.00 ","143.00 ","44      ","290     ","42,635,650    ","147.01 ","143.00 ","157.00 ","128.70 "
BODY,"","","議價","","","","","","","","","","","",""
BODY,"65521","易華電一  ","等價","","","","","","","","","99.40  ","99.40  ","109.30 ","89.50  "
BODY,"","","議價","","","","","","","","","","","",""
BODY,"65761","逸達一    ","等價","111.00 ","+1.50  ","109.80 ","111.00 ","109.80 ","9       ","23      ","2,532,450     ","110.10 ","111.00 ","122.10 ","99.90  "
BODY,"","","議價","","","","","","","","","","","",""
BODY,"65841","南俊國際一","等價","","","","","","","","","380.00 ","379.00 ","416.00 ","342.00 "
BODY,"","","議價","","","","","","","","","","","",""
BODY,"65842","南俊國際二","等價","","","","","","","","","356.00 ","326.00 ","358.00 ","294.00 "
BODY,"","","議價","","","","","","","","","","","",""
BODY,"65851","鼎基一    ","等價","","","","","","","","","108.93 ","107.50 ","118.25 ","96.75  "
BODY,"","","議價","","","","","","","","","","","",""
BODY,"65852","鼎基二    ","等價","","","","","","","","","100.50 ","100.50 ","110.55 ","90.45  "
BODY,"","","議價","","","","","","","","","","","",""
BODY,"65914","動力四KY  ","等價","94.55  ","","94.55  ","94.55  ","94.55  ","1       ","3       ","283,650       ","94.55  ","94.55  ","104.00 ","85.10  "
BODY,"","","議價","","","","","","","","","","","",""
BODY,"66163","特昇三KY  ","等價","","","","","","","","","98.70  ","98.70  ","108.55 ","88.85  "
BODY,"","","議價","","","","","","","","","","","",""
BODY,"66241","萬年清一  ","等價","","","","","","","","","169.00 ","148.00 ","162.00 ","133.20 "
BODY,"","","議價","","","","","","","","","","","",""
BODY,"66292","泰金二KY  ","等價","","","","","","","","","100.77 ","100.65 ","110.70 ","90.60  "
BODY,"","","議價","","","","","","","","","","","",""
BODY,"66411","基士德一KY","等價","","","","","","","","","97.40  ","99.75  ","109.70 ","89.80  "
BODY,"","","議價","","","","","","","","","","","",""
BODY,"66451","金萬林一創","等價","","","","","","","","","102.95 ","102.95 ","113.20 ","92.70  "
BODY,"","","議價","","","","","","","","","","","",""
BODY,"66642","群翊二    ","等價","144.00 ","-1.00  ","145.00 ","145.10 ","139.00 ","39      ","87      ","12,377,050    ","142.26 ","144.00 ","158.00 ","129.60 "
BODY,"","","議價","","","","","","","","","","","",""
BODY,"66702","復盛應用二","等價","117.00 ","+1.00  ","116.95 ","117.00 ","116.60 ","12      ","24      ","2,803,600     ","116.81 ","117.00 ","128.70 ","105.30 "
BODY,"","","議價","","","","","","","","","","","",""
BODY,"66721","騰輝電子一KY","等價","150.00 ","-1.00  ","150.00 ","150.00 ","148.80 ","17      ","37      ","5,538,050     ","149.67 ","150.00 ","165.00 ","135.00 "
BODY,"","","議價","","","","","","","","","","","",""
BODY,"66722","騰輝電子二KY","等價","157.00 ","","153.00 ","157.00 ","146.00 ","18      ","60      ","9,170,000     ","152.83 ","157.00 ","172.00 ","141.30 "
BODY,"","","議價","","","","","","","","","","","",""
BODY,"66801","鑫創電子一","等價","","","","","","","","","107.50 ","106.00 ","116.60 ","95.40  "
BODY,"","","議價","","","","","","","","","","","",""
BODY,"67062","惠特二    ","等價","99.50  ","+2.00  ","97.50  ","99.50  ","97.50  ","33      ","125     ","12,367,250    ","98.93  ","99.50  ","109.45 ","89.55  "
BODY,"","","議價","","","","","","","","","","","",""
BODY,"67152","嘉基二    ","等價","","","","","","","","","261.00 ","268.00 ","294.00 ","242.00 "
BODY,"","","議價","","","","","","","","","","","",""
BODY,"67531","龍德造船一","等價","115.10 ","","115.10 ","115.10 ","115.10 ","1       ","2       ","230,200       ","115.10 ","115.10 ","126.60 ","103.60 "
BODY,"","","議價","","","","","","","","","","","",""
BODY,"67681","志強一KY  ","等價","107.95 ","+0.10  ","107.95 ","107.95 ","107.95 ","1       ","1       ","107,950       ","107.95 ","107.95 ","118.70 ","97.20  "
BODY,"","","議價","","","","","","","","","","","",""
BODY,"67711","平和環保一創","等價","","","","","","","","","104.24 ","105.45 ","115.95 ","94.95  "
BODY,"","","議價","","","","","","","","","","","",""
BODY,"67961","晉弘一    ","等價","97.80  ","","97.80  ","97.80  ","97.80  ","1       ","5       ","489,000       ","97.80  ","97.80  ","107.55 ","88.05  "
BODY,"","","議價","","","","","","","","","","","",""
BODY,"67962","晉弘二    ","等價","91.00  ","-1.00  ","91.15  ","91.15  ","91.00  ","4       ","10      ","910,450       ","91.04  ","91.00  ","100.10 ","81.90  "
BODY,"","","議價","","","","","","","","","","","",""
BODY,"68041","明係一    ","等價","","","","","","","","","99.05  ","99.35  ","109.25 ","89.45  "
BODY,"","","議價","","","","","","","","","","","",""
BODY,"68061","森崴能源一","等價","97.10  ","+0.05  ","97.10  ","97.10  ","97.10  ","1       ","1       ","97,100        ","97.10  ","97.10  ","106.80 ","87.40  "
BODY,"","","議價","","","","","","","","","","","",""
BODY,"68211","聯寶一    ","等價","134.00 ","+6.85  ","126.50 ","134.00 ","126.50 ","26      ","46      ","5,975,800     ","129.90 ","134.00 ","147.40 ","120.60 "
BODY,"","","議價","","","","","","","","","","","",""
BODY,"68231","濾能一    ","等價","","","","","","","","","101.60 ","108.55 ","119.40 ","97.70  "
BODY,"","","議價","","","","","","","","","","","",""
BODY,"68301","汎銓一    ","等價","468.00 ","+42.00 ","442.00 ","468.00 ","442.00 ","11      ","15      ","6,822,000     ","454.80 ","468.00 ","514.00 ","422.00 "
BODY,"","","議價","","","","","","","","","","","",""
BODY,"68351","圓裕一    ","等價","","","","","","","","","96.65  ","96.70  ","106.35 ","87.05  "
BODY,"","","議價","","","","","","","","","","","",""
BODY,"68401","東研信超一","等價","","","","","","","","","101.53 ","103.30 ","113.60 ","93.00  "
BODY,"","","議價","","","","","","","","","","","",""
BODY,"68431","進典一    ","等價","","","","","","","","","102.00 ","102.00 ","112.20 ","91.80  "
BODY,"","","議價","","","","","","","","","","","",""
BODY,"68461","綠茵一    ","等價","97.10  ","-0.90  ","98.00  ","98.00  ","97.10  ","3       ","4       ","391,100       ","97.77  ","97.10  ","106.80 ","87.40  "
BODY,"","","議價","","","","","","","","","","","",""
BODY,"68462","綠茵二    ","等價","103.00 ","+1.00  ","102.00 ","103.00 ","102.00 ","3       ","3       ","307,500       ","102.50 ","103.00 ","113.30 ","92.70  "
BODY,"","","議價","","","","","","","","","","","",""
BODY,"68541","錼創科技一KY創","等價","","","","","","","","","106.30 ","106.30 ","116.90 ","95.70  "
BODY,"","","議價","","","","","","","","","","","",""
BODY,"68621","三集瑞一KY","等價","113.50 ","+3.50  ","112.50 ","113.50 ","112.50 ","21      ","69      ","7,778,850     ","112.73 ","113.50 ","124.85 ","102.15 "
BODY,"","","議價","","","","","","","","","","","",""
BODY,"68631","永道一KY  ","等價","90.80  ","-1.00  ","90.80  ","90.80  ","90.80  ","1       ","1       ","90,800        ","90.80  ","90.80  ","99.85  ","81.75  "
BODY,"","","議價","","","","","","","","","","","",""
BODY,"68701","騰雲一    ","等價","","","","","","","","","106.25 ","105.60 ","116.15 ","95.05  "
BODY,"","","議價","","","","","","","","","","","",""
BODY,"68702","騰雲二    ","等價","","","","","","","","","101.70 ","102.00 ","112.20 ","91.80  "
BODY,"","","議價","","","","","","","","","","","",""
BODY,"68731","泓德能源一","等價","","","","","","","","","125.05 ","137.55 ","151.00 ","123.80 "
BODY,"","","議價","","","","","","","","","","","",""
BODY,"68732","泓德能源二","等價","80.40  ","+0.55  ","79.80  ","81.00  ","79.75  ","27      ","53      ","4,245,250     ","80.09  ","80.40  ","88.40  ","72.40  "
BODY,"","","議價","","","","","","","","","","","",""
BODY,"68741","倍力一    ","等價","104.00 ","+1.50  ","104.00 ","104.00 ","104.00 ","1       ","10      ","1,040,000     ","104.00 ","104.00 ","114.40 ","93.60  "
BODY,"","","議價","","","","","","","","","","","",""
BODY,"68901","來億一KY  ","等價","","","","","","","","","97.10  ","97.50  ","107.25 ","87.75  "
BODY,"","","議價","","","","","","","","","","","",""
BODY,"68902","來億二KY  ","等價","96.00  ","","96.00  ","96.00  ","96.00  ","1       ","2       ","192,000       ","96.00  ","96.00  ","105.60 ","86.40  "
BODY,"","","議價","","","","","","","","","","","",""
BODY,"68941","衛司特一  ","等價","170.00 ","-5.00  ","175.00 ","175.00 ","170.00 ","11      ","19      ","3,244,000     ","170.73 ","170.00 ","187.00 ","153.00 "
BODY,"","","議價","","","","","","","","","","","",""
BODY,"69041","伯鑫一    ","等價","","","","","","","","","102.36 ","102.00 ","112.20 ","91.80  "
BODY,"","","議價","","","","","","","","","","","",""
BODY,"69131","鴻呈一    ","等價","134.50 ","+5.50  ","135.00 ","135.00 ","130.00 ","25      ","61      ","8,129,500     ","133.27 ","134.50 ","147.95 ","121.05 "
BODY,"","","議價","","","","","","","","","","","",""
BODY,"69571","裕慶一KY  ","等價","101.90 ","+0.40  ","103.00 ","103.00 ","101.85 ","8       ","28      ","2,864,850     ","102.04 ","101.90 ","112.05 ","91.75  "
BODY,"","","議價","101.90 ","+0.40  ","","101.90 ","101.90 ","1       ","50      ","5,095,000     ","","","",""
BODY,"69821","大井泵浦一","等價","","","","","","","","","95.00  ","95.00  ","104.50 ","85.50  "
BODY,"","","議價","","","","","","","","","","","",""
BODY,"69822","大井泵浦二","等價","","","","","","","","","95.00  ","95.25  ","104.75 ","85.75  "
BODY,"","","議價","","","","","","","","","","","",""
BODY,"74022","邑錡二    ","等價","","","","","","","","","135.00 ","135.00 ","148.50 ","121.50 "
BODY,"","","議價","","","","","","","","","","","",""
BODY,"75561","意德士一永","等價","115.00 ","+0.05  ","121.00 ","125.00 ","115.00 ","9       ","26      ","3,187,000     ","122.57 ","115.00 ","126.50 ","103.50 "
BODY,"","","議價","","","","","","","","","","","",""
BODY,"75562","意德士二  ","等價","125.00 ","+8.60  ","120.00 ","125.00 ","120.00 ","13      ","33      ","4,050,000     ","122.72 ","125.00 ","137.50 ","112.50 "
BODY,"","","議價","","","","","","","","","","","",""
BODY,"77131","威力德生醫一","等價","103.95 ","+0.65  ","103.30 ","103.95 ","103.30 ","7       ","17      ","1,761,850     ","103.63 ","103.95 ","114.30 ","93.60  "
BODY,"","","議價","","","","","","","","","","","",""
BODY,"80212","尖點二    ","等價","168.00 ","+15.00 ","158.00 ","168.00 ","158.00 ","113     ","180     ","29,866,000    ","165.92 ","168.00 ","184.00 ","152.00 "
BODY,"","","議價","","","","","","","","","","","",""
BODY,"80273","鈦昇三    ","等價","","","","","","","","","210.00 ","210.00 ","231.00 ","189.00 "
BODY,"","","議價","","","","","","","","","","","",""
BODY,"80282","昇陽半導體二","等價","148.00 ","-4.00  ","148.00 ","148.10 ","145.00 ","13      ","23      ","3,399,950     ","147.82 ","148.00 ","162.00 ","133.20 "
BODY,"","","議價","","","","","","","","","","","",""
BODY,"80426","金山電六  ","等價","","","","","","","","","109.98 ","110.00 ","121.00 ","99.00  "
BODY,"","","議價","","","","","","","","","","","",""
BODY,"80506","廣積六    ","等價","","","","","","","","","103.06 ","103.00 ","113.30 ","92.70  "
BODY,"","","議價","","","","","","","","","","","",""
BODY,"80872","麗升能源二","等價","","","","","","","","","95.90  ","95.90  ","105.45 ","86.35  "
BODY,"","","議價","","","","","","","","","","","",""
BODY,"80914","翔名四    ","等價","148.00 ","-1.00  ","148.70 ","149.05 ","145.00 ","36      ","84      ","12,375,400    ","147.32 ","148.00 ","162.00 ","133.20 "
BODY,"","","議價","","","","","","","","","","","",""
BODY,"80924","建暐四    ","等價","","","","","","","","","110.55 ","110.55 ","121.60 ","99.50  "
BODY,"","","議價","","","","","","","","","","","",""
BODY,"81042","錸寶二    ","等價","","","","","","","","","97.38  ","97.40  ","107.10 ","87.70  "
BODY,"","","議價","","","","","","","","","","","",""
BODY,"811210","至上十    ","等價","122.30 ","+0.30  ","125.00 ","125.00 ","122.00 ","35      ","69      ","8,480,550     ","122.90 ","122.30 ","134.50 ","110.10 "
BODY,"","","議價","","","","","","","","","","","",""
BODY,"81473","正淩三    ","等價","139.70 ","+12.70 ","135.00 ","139.70 ","134.00 ","21      ","40      ","5,489,600     ","137.24 ","139.70 ","153.00 ","125.75 "
BODY,"","","議價","","","","","","","","","","","",""
BODY,"81551","博智一    ","等價","257.00 ","+12.00 ","260.00 ","269.00 ","257.00 ","58      ","94      ","24,902,000    ","264.91 ","257.00 ","282.00 ","232.00 "
BODY,"","","議價","","","","","","","","","","","",""
BODY,"81714","天宇四    ","等價","","","","","","","","","105.24 ","105.00 ","115.50 ","94.50  "
BODY,"","","議價","","","","","","","","","","","",""
BODY,"81715","天宇五    ","等價","","","","","","","","","95.05  ","95.00  ","104.50 ","85.50  "
BODY,"","","議價","","","","","","","","","","","",""
BODY,"82102","勤誠二    ","等價","129.20 ","+1.40  ","128.00 ","129.20 ","128.00 ","25      ","40      ","5,150,850     ","128.77 ","129.20 ","142.10 ","116.30 "
BODY,"","","議價","","","","","","","","","","","",""
BODY,"82103","勤誠三    ","等價","129.75 ","+1.60  ","128.15 ","130.00 ","128.15 ","35      ","54      ","6,977,350     ","129.21 ","129.75 ","142.70 ","116.80 "
BODY,"","","議價","","","","","","","","","","","",""
BODY,"82551","朋程一    ","等價","101.45 ","-0.05  ","101.50 ","101.50 ","101.00 ","9       ","17      ","1,722,300     ","101.31 ","101.45 ","111.55 ","91.35  "
BODY,"","","議價","","","","","","","","","","","",""
BODY,"82993","群聯三    ","等價","120.80 ","+0.90  ","120.00 ","121.75 ","120.00 ","170     ","372     ","44,967,800    ","120.88 ","120.80 ","132.85 ","108.75 "
BODY,"","","議價","","","","","","","","","","","",""
BODY,"83742","羅昇二    ","等價","","","","","","","","","98.30  ","95.00  ","104.50 ","85.50  "
BODY,"","","議價","","","","","","","","","","","",""
BODY,"84041","百和興業一KY","等價","101.05 ","-0.80  ","101.85 ","101.85 ","100.75 ","5       ","8       ","811,800       ","101.47 ","101.05 ","111.15 ","90.95  "
BODY,"","","議價","","","","","","","","","","","",""
BODY,"84113","福貞三KY  ","等價","100.25 ","-0.40  ","100.15 ","100.25 ","100.15 ","2       ","10      ","1,002,000     ","100.20 ","100.25 ","110.25 ","90.25  "
BODY,"","","議價","","","","","","","","","","","",""
BODY,"84221","可寧衛一  ","等價","","","","","","","","","238.00 ","235.00 ","258.00 ","212.00 "
BODY,"","","議價","","","","","","","","","","","",""
BODY,"84222","可寧衛二  ","等價","","","","","","","","","150.42 ","155.00 ","170.00 ","139.50 "
BODY,"","","議價","","","","","","","","","","","",""
BODY,"84312","匯鑽科二  ","等價","","","","","","","","","108.00 ","110.50 ","121.55 ","99.45  "
BODY,"","","議價","","","","","","","","","","","",""
BODY,"84332","弘帆二    ","等價","","","","","","","","","99.50  ","99.60  ","109.55 ","89.65  "
BODY,"","","議價","","","","","","","","","","","",""
BODY,"84333","弘帆三    ","等價","99.60  ","+0.05  ","99.60  ","99.60  ","99.60  ","1       ","1       ","99,600        ","99.60  ","99.60  ","109.55 ","89.65  "
BODY,"","","議價","","","","","","","","","","","",""
BODY,"84422","威宏二KY  ","等價","","","","","","","","","100.10 ","100.15 ","110.15 ","90.15  "
BODY,"","","議價","","","","","","","","","","","",""
BODY,"84623","柏文三    ","等價","","","","","","","","","100.29 ","100.00 ","110.00 ","90.00  "
BODY,"","","議價","","","","","","","","","","","",""
BODY,"84662","美吉吉二KY","等價","","","","","","","","","98.20  ","98.20  ","108.00 ","88.40  "
BODY,"","","議價","","","","","","","","","","","",""
BODY,"84672","波力二KY  ","等價","","","","","","","","","107.00 ","107.00 ","117.70 ","96.30  "
BODY,"","","議價","","","","","","","","","","","",""
BODY,"84673","波力三KY  ","等價","","","","","","","","","103.65 ","103.65 ","114.00 ","93.30  "
BODY,"","","議價","","","","","","","","","","","",""
BODY,"84732","山林水二  ","等價","","","","","","","","","115.65 ","110.00 ","121.00 ","99.00  "
BODY,"","","議價","","","","","","","","","","","",""
BODY,"84781","東哥遊艇一","等價","93.30  ","+0.20  ","93.10  ","93.30  ","93.10  ","5       ","6       ","559,550       ","93.25  ","93.30  ","102.60 ","84.00  "
BODY,"","","議價","","","","","","","","","","","",""
BODY,"84881","吉源一KY  ","等價","","","","","","","","","98.90  ","99.00  ","108.90 ","89.10  "
BODY,"","","議價","","","","","","","","","","","",""
BODY,"84891","三貝德一  ","等價","","","","","","","","","115.00 ","115.00 ","126.50 ","103.50 "
BODY,"","","議價","","","","","","","","","","","",""
BODY,"89277","北基七    ","等價","","","","","","","","","100.75 ","100.80 ","110.85 ","90.75  "
BODY,"","","議價","","","","","","","","","","","",""
BODY,"89278","北基八    ","等價","","","","","","","","","98.65  ","98.70  ","108.55 ","88.85  "
BODY,"","","議價","","","","","","","","","","","",""
BODY,"89964","高力四    ","等價","438.00 ","+9.00  ","435.00 ","438.00 ","435.00 ","2       ","2       ","873,000       ","436.50 ","438.00 ","481.00 ","395.00 "
BODY,"","","議價","","","","","","","","","","","",""
BODY,"98026","鈺齊六KY  ","等價","104.00 ","","104.00 ","104.00 ","104.00 ","3       ","13      ","1,352,000     ","104.00 ","104.00 ","114.40 ","93.60  "
BODY,"","","議價","","","","","","","","","","","",""
BODY,"99063","欣巴巴三  ","等價","94.00  ","","94.00  ","94.00  ","94.00  ","3       ","3       ","282,000       ","94.00  ","94.00  ","103.40 ","84.60  "
BODY,"","","議價","","","","","","","","","","","",""
BODY,"99332","中鼎二    ","等價","97.35  ","+0.80  ","96.55  ","97.35  ","96.40  ","4       ","23      ","2,221,150     ","96.57  ","97.35  ","107.05 ","87.65  "
BODY,"","","議價","","","","","","","","","","","",""
BODY,"99353","慶豐富三  ","等價","98.00  ","+0.55  ","98.00  ","98.00  ","98.00  ","2       ","4       ","392,000       ","98.00  ","98.00  ","107.80 ","88.20  "
BODY,"","","議價","","","","","","","","","","","",""
BODY,"99392","宏全二    ","等價","102.60 ","+0.75  ","101.70 ","103.70 ","101.65 ","21      ","92      ","9,380,500     ","101.96 ","102.60 ","112.85 ","92.35  "
BODY,"","","議價","","","","","","","","","","","",""
BODY,"99412","裕融二    ","等價","","","","","","","","","97.94  ","97.95  ","107.70 ","88.20  "
BODY,"","","議價","","","","","","","","","","","",""
BODY,"99587","世紀鋼七  ","等價","","","","","","","","","97.55  ","97.55  ","107.30 ","87.80  "
BODY,"","","議價","","","","","","","","","","","",""
BODY,"99588","世紀鋼八永","等價","97.15  ","-0.75  ","97.40  ","97.40  ","95.60  ","9       ","16      ","1,533,400     ","95.83  ","97.15  ","106.85 ","87.45  "
BODY,"","","議價","","","","","","","","","","","",""
BODY,"合計","","","","","","","","6,504","25,186","3,524,311,600","","","",""
GLOSS,"＊轉(交)換公司債以面額新台幣十萬元為一成交單位"
GLOSS,"＊轉(交)換公司債價格一律以百元價格計算"
